"species","lake","length","weight","st_weight"
"SMB","Clear",96,12,0.2
"SMB","Clear",100,14,0.1
"SMB","Clear",104,16,0.16
"SMB","Clear",125,29,0.34
"SMB","Clear",139,36,0.39
"SMB","Clear",143,34,0.02
"SMB","Clear",150,41,0.01
"SMB","Clear",151,48,0.66
"SMB","Clear",151,51,0.36
"SMB","Clear",152,39,0.01
"SMB","Clear",152,40,3.11
"SMB","Clear",152,54,0.02
"SMB","Clear",152,56,0.01
"SMB","Clear",153,48,1.03
"SMB","Clear",155,52,0.33
"SMB","Clear",156,45,0.55
"SMB","Clear",157,55,1.15
"SMB","Clear",158,48,0.14
"SMB","Clear",159,45,1.1
"SMB","Clear",159,48,0.01
"SMB","Clear",159,48,0.04
"SMB","Clear",159,51,2.05
"SMB","Clear",159,61,0.9
"SMB","Clear",160,51,0.73
"SMB","Clear",162,58,0.01
"SMB","Clear",164,52,0.2
"SMB","Clear",165,47,0.03
"SMB","Clear",165,55,0.74
"SMB","Clear",166,62,0.71
"SMB","Clear",168,60,2.27
"SMB","Clear",169,53,1.07
"SMB","Clear",170,59,1.5
"SMB","Clear",170,73,0.22
"SMB","Clear",171,62,0.21
"SMB","Clear",171,68,1.01
"SMB","Clear",172,75,1.28
"SMB","Clear",173,57,0.19
"SMB","Clear",173,64,0.21
"SMB","Clear",173,79,0.03
"SMB","Clear",174,66,0.91
"SMB","Clear",174,69,0.33
"SMB","Clear",175,55,0.82
"SMB","Clear",175,60,0.41
"SMB","Clear",175,72,0.12
"SMB","Clear",175,93,0.02
"SMB","Clear",176,77,0.25
"SMB","Clear",176,90,1.59
"SMB","Clear",177,82,0.18
"SMB","Clear",178,70,0.01
"SMB","Clear",178,75,0.28
"SMB","Clear",178,82,0.01
"SMB","Clear",179,68,0.53
"SMB","Clear",179,76,1.38
"SMB","Clear",180,75,0.01
"SMB","Clear",180,76,0.49
"SMB","Clear",180,92,0.02
"SMB","Clear",181,93,0.52
"SMB","Clear",182,80,1.49
"SMB","Clear",182,82,1.27
"SMB","Clear",182,94,1.13
"SMB","Clear",183,88,0.35
"SMB","Clear",185,84,0.49
"SMB","Clear",185,85,0.03
"SMB","Clear",185,98,2.51
"SMB","Clear",186,85,0.42
"SMB","Clear",188,98,1.32
"SMB","Clear",189,96,0.17
"SMB","Clear",190,103,6.09
"SMB","Clear",191,82,0.57
"SMB","Clear",191,110,1.2
"SMB","Clear",192,94,0.33
"SMB","Clear",192,109,0.1
"SMB","Clear",193,105,2.71
"SMB","Clear",194,105,0.63
"SMB","Clear",196,107,0.23
"SMB","Clear",200,110,0.31
"SMB","Clear",202,113,0.36
"SMB","Clear",203,111,0.11
"SMB","Clear",203,133,0.31
"SMB","Clear",204,90,1.81
"SMB","Clear",205,104,0.76
"SMB","Clear",205,110,0.92
"SMB","Clear",205,119,0.44
"SMB","Clear",205,121,2.68
"SMB","Clear",205,135,1.01
"SMB","Clear",206,126,0.39
"SMB","Clear",206,127,1.1
"SMB","Clear",206,130,3.26
"SMB","Clear",207,126,2.11
"SMB","Clear",208,111,0.69
"SMB","Clear",209,117,0.33
"SMB","Clear",210,112,0.03
"SMB","Clear",210,112,0.44
"SMB","Clear",210,137,1.88
"SMB","Clear",215,121,0.24
"SMB","Clear",215,125,0.4
"SMB","Clear",215,135,2.5
"SMB","Clear",215,146,1.82
"SMB","Clear",219,159,2.9
"SMB","Clear",220,141,0.37
"SMB","Clear",221,152,0.32
"SMB","Clear",221,186,2.71
"SMB","Clear",222,134,0.05
"SMB","Clear",222,139,0.4
"SMB","Clear",222,148,0.09
"SMB","Clear",222,160,1.48
"SMB","Clear",222,172,2.37
"SMB","Clear",223,161,7.14
"SMB","Clear",224,164,5.11
"SMB","Clear",224,180,2.15
"SMB","Clear",225,145,0.12
"SMB","Clear",225,180,1.21
"SMB","Clear",226,150,3.21
"SMB","Clear",228,165,0.55
"SMB","Clear",228,185,1.33
"SMB","Clear",229,200,3.14
"SMB","Clear",230,170,7.52
"SMB","Clear",230,195,2.99
"SMB","Clear",230,195,4.25
"SMB","Clear",232,176,0.02
"SMB","Clear",232,188,0.02
"SMB","Clear",233,274,0.19
"SMB","Clear",234,185,5.81
"SMB","Clear",237,204,4.74
"SMB","Clear",239,206,1.22
"SMB","Clear",240,182,0.52
"SMB","Clear",242,173,0.21
"SMB","Clear",244,215,2.51
"SMB","Clear",245,224,4.27
"SMB","Clear",245,236,1.58
"SMB","Clear",246,218,0.25
"SMB","Clear",247,197,0.33
"SMB","Clear",250,226,0.34
"SMB","Clear",251,243,3.28
"SMB","Clear",252,244,0.76
"SMB","Clear",254,251,0.26
"SMB","Clear",254,261,3.65
"SMB","Clear",255,266,0.67
"SMB","Clear",256,266,0.74
"SMB","Clear",260,264,0.86
"SMB","Clear",260,266,0.87
"SMB","Clear",260,267,0.03
"SMB","Clear",262,272,0.52
"SMB","Clear",262,272,5.28
"SMB","Clear",262,298,0.35
"SMB","Clear",264,260,0.4
"SMB","Clear",264,307,0.1
"SMB","Clear",266,264,11.17
"SMB","Clear",274,286,1.27
"SMB","Clear",274,293,0.96
"SMB","Clear",274,298,0.9
"SMB","Clear",275,282,0.231
"SMB","Clear",275,313,5.89
"SMB","Clear",276,307,1.81
"SMB","Clear",280,302,6.6
"SMB","Clear",280,332,1.87
"SMB","Clear",280,340,4.16
"SMB","Clear",280,367,2.35
"SMB","Clear",281,249,10.94
"SMB","Clear",281,313,6.41
"SMB","Clear",281,341,1.94
"SMB","Clear",282,292,0.66
"SMB","Clear",282,313,3.13
"SMB","Clear",283,329,1.01
"SMB","Clear",283,370,0.05
"SMB","Clear",284,322,4.45
"SMB","Clear",284,353,1.55
"SMB","Clear",285,329,0.02
"SMB","Clear",285,384,1.99
"SMB","Clear",286,353,0.01
"SMB","Clear",286,353,0.07
"SMB","Clear",287,304,0.21
"SMB","Clear",287,315,0.46
"SMB","Clear",289,330,0.19
"SMB","Clear",289,382,7.28
"SMB","Clear",290,340,0.01
"SMB","Clear",290,353,0.36
"SMB","Clear",290,372,3.16
"SMB","Clear",290,376,0.06
"SMB","Clear",290,377,4.73
"SMB","Clear",292,350,0.36
"SMB","Clear",293,374,0.74
"SMB","Clear",296,363,5.22
"SMB","Clear",296,416,9.42
"SMB","Clear",300,390,0.13
"SMB","Clear",300,411,0.03
"SMB","Clear",301,431,4.54
"SMB","Clear",304,392,0.2
"SMB","Clear",305,412,0.34
"SMB","Clear",307,443,2.06
"SMB","Clear",309,406,4.64
"SMB","Clear",309,431,3.11
"SMB","Clear",309,489,6.37
"SMB","Clear",310,397,0.3
"SMB","Clear",310,452,2.9
"SMB","Clear",310,461,2.94
"SMB","Clear",314,513,7.89
"SMB","Clear",315,533,0.45
"SMB","Clear",316,485,4.52
"SMB","Clear",317,478,2.81
"SMB","Clear",319,461,4.23
"SMB","Clear",320,508,11.8
"SMB","Clear",320,525,9.48
"SMB","Clear",322,504,2.55
"SMB","Clear",324,516,0.32
"SMB","Clear",324,538,3.05
"SMB","Clear",325,521,3.32
"SMB","Clear",327,612,3.88
"SMB","Clear",330,611,14.18
"SMB","Clear",331,563,5.98
"SMB","Clear",332,529,5.77
"SMB","Clear",339,615,5.04
"SMB","Clear",340,589,5.22
"SMB","Clear",342,692,1.25
"SMB","Clear",349,672,2.37
"SMB","Clear",351,472,5.18
"SMB","Clear",351,639,3.38
"SMB","Clear",351,641,8.6
"SMB","Clear",351,649,12.74
"SMB","Clear",352,810,0.32
"SMB","Clear",362,655,2.4
"SMB","Clear",365,707,2.2
"SMB","Clear",365,766,2.65
"SMB","Clear",370,283,9.47
"SMB","Clear",373,800,2.46
"SMB","Clear",380,865,4.69
"SMB","Clear",380,1007,11.07
"SMB","Clear",383,841,4.37
"SMB","Clear",384,777,1.15
"SMB","Clear",385,914,6.78
"SMB","Clear",390,905,18.35
"SMB","Clear",390,979,1.76
"SMB","Clear",390,989,6.39
"SMB","Clear",394,1026,21.8
"SMB","Clear",395,935,12.54
"SMB","Clear",396,1050,0.4
"SMB","Clear",400,987,0.45
"SMB","Clear",400,1025,23.14
"SMB","Clear",400,1037,1.55
"SMB","Clear",403,1116,0.28
"SMB","Clear",408,1260,29.09
"SMB","Clear",410,1097,16.26
"SMB","Clear",410,1127,7.06
"SMB","Clear",416,1024,1.76
"SMB","Clear",417,1041,5.7
"SMB","Clear",417,1074,9.81
"SMB","Clear",417,1221,1.3
"SMB","Clear",420,1110,6.73
"SMB","Clear",421,1083,0.14
"SMB","Clear",422,1264,5.5
"SMB","Clear",424,1120,1.75
"SMB","Clear",425,1164,8.1
"SMB","Clear",425,1231,30.05
"SMB","Clear",426,1246,0.49
"SMB","Clear",428,1203,3.09
"SMB","Clear",430,1190,3.85
"SMB","Clear",432,850,0.36
"SMB","Clear",434,1146,2.29
"SMB","Clear",435,853,4.66
"SMB","Clear",435,1185,0.34
"SMB","Clear",435,1218,0.28
"SMB","Clear",435,1402,8.1
"SMB","Clear",438,1231,1.65
"SMB","Clear",440,1298,0.04
"SMB","Clear",440,1393,9.61
"SMB","Clear",444,1405,0.51
"SMB","Clear",445,1471,5.2
"SMB","Clear",445,1490,20.96
"SMB","Clear",445,1640,0.59
"SMB","Clear",445,1640,0.59
"SMB","Clear",450,1390,6.59
"SMB","Clear",450,1535,1.12
"SMB","Clear",450,1642,13.02
"SMB","Clear",453,1453,0.12
"SMB","Clear",455,1603,40.85
"SMB","Clear",455,1720,2.34
"SMB","Clear",458,1141,0.76
"SMB","Clear",458,1484,21.51
"SMB","Clear",461,1660,26.32
"SMB","Clear",462,1492,8.25
"SMB","Clear",463,1702,41.73
"SMB","Clear",464,1305,1.94
"SMB","Clear",464,1410,13.44
"SMB","Clear",464,1802,7.85
"SMB","Clear",470,1552,12.98
"SMB","Clear",470,1712,14.77
"SMB","Clear",471,1512,16.36
"SMB","Clear",472,1773,51.57
"SMB","Clear",475,1615,11.26
"SMB","Clear",475,1627,0.33
"SMB","Clear",480,1495,1.08
"SMB","Clear",480,1865,27.03
"SMB","Clear",492,1584,1.16
"SMB","Clear",498,1782,15.68
"SMB","Enemy.Swim",70,4,0.01
"SMB","Enemy.Swim",80,5,0.01
"SMB","Enemy.Swim",80,6,0.18
"SMB","Enemy.Swim",83,9,0.08
"SMB","Enemy.Swim",87,9,0.2
"SMB","Enemy.Swim",99,13,0.08
"SMB","Enemy.Swim",102,16,0.03
"SMB","Enemy.Swim",111,13,0.34
"SMB","Enemy.Swim",118,17,0.63
"SMB","Enemy.Swim",120,17,0.09
"SMB","Enemy.Swim",121,32,0.35
"SMB","Enemy.Swim",125,24,0.33
"SMB","Enemy.Swim",125,26,0.75
"SMB","Enemy.Swim",125,48,0.42
"SMB","Enemy.Swim",129,27,0.22
"SMB","Enemy.Swim",133,26,0.04
"SMB","Enemy.Swim",133,28,0.09
"SMB","Enemy.Swim",136,32,0.25
"SMB","Enemy.Swim",136,37,0.81
"SMB","Enemy.Swim",138,31,0.33
"SMB","Enemy.Swim",138,35,0.46
"SMB","Enemy.Swim",138,35,1.05
"SMB","Enemy.Swim",140,34,0.46
"SMB","Enemy.Swim",140,34,0.5
"SMB","Enemy.Swim",143,26,0.01
"SMB","Enemy.Swim",143,32,0.19
"SMB","Enemy.Swim",143,34,0.54
"SMB","Enemy.Swim",144,36,0.13
"SMB","Enemy.Swim",145,31,1.01
"SMB","Enemy.Swim",146,44,0.02
"SMB","Enemy.Swim",147,40,1.58
"SMB","Enemy.Swim",148,34,0.02
"SMB","Enemy.Swim",148,45,0.25
"SMB","Enemy.Swim",150,37,0.59
"SMB","Enemy.Swim",150,38,1.41
"SMB","Enemy.Swim",150,42,0.06
"SMB","Enemy.Swim",150,43,2.16
"SMB","Enemy.Swim",150,46,0.42
"SMB","Enemy.Swim",150,46,1.31
"SMB","Enemy.Swim",150,56,1.63
"SMB","Enemy.Swim",153,39,0.06
"SMB","Enemy.Swim",154,47,0.22
"SMB","Enemy.Swim",154,59,0.75
"SMB","Enemy.Swim",155,39,0.05
"SMB","Enemy.Swim",155,39,0.08
"SMB","Enemy.Swim",155,56,0.25
"SMB","Enemy.Swim",156,47,1.3
"SMB","Enemy.Swim",157,53,1.27
"SMB","Enemy.Swim",157,55,0.05
"SMB","Enemy.Swim",158,39,0.02
"SMB","Enemy.Swim",159,45,0.03
"SMB","Enemy.Swim",159,51,0.23
"SMB","Enemy.Swim",160,46,0.12
"SMB","Enemy.Swim",160,49,0.41
"SMB","Enemy.Swim",160,54,3.98
"SMB","Enemy.Swim",161,44,0.01
"SMB","Enemy.Swim",162,43,0.45
"SMB","Enemy.Swim",162,44,0.4
"SMB","Enemy.Swim",162,82,0.83
"SMB","Enemy.Swim",163,71,1.52
"SMB","Enemy.Swim",164,48,0.08
"SMB","Enemy.Swim",164,59,1.26
"SMB","Enemy.Swim",164,69,0.49
"SMB","Enemy.Swim",165,54,0.38
"SMB","Enemy.Swim",166,54,0.72
"SMB","Enemy.Swim",169,65,2.11
"SMB","Enemy.Swim",170,51,0.86
"SMB","Enemy.Swim",170,59,0.01
"SMB","Enemy.Swim",170,67,0.53
"SMB","Enemy.Swim",171,58,0.19
"SMB","Enemy.Swim",171,66,0.1
"SMB","Enemy.Swim",173,65,0.06
"SMB","Enemy.Swim",173,85,0.8
"SMB","Enemy.Swim",175,87,0.45
"SMB","Enemy.Swim",175,87,1.19
"SMB","Enemy.Swim",175,90,1.02
"SMB","Enemy.Swim",175,90,4.2
"SMB","Enemy.Swim",176,69,1.37
"SMB","Enemy.Swim",176,70,0.01
"SMB","Enemy.Swim",176,91,1.43
"SMB","Enemy.Swim",177,62,1.05
"SMB","Enemy.Swim",178,79,3.77
"SMB","Enemy.Swim",179,80,0.07
"SMB","Enemy.Swim",180,64,0.01
"SMB","Enemy.Swim",180,73,0.15
"SMB","Enemy.Swim",180,74,0.02
"SMB","Enemy.Swim",180,82,1.2
"SMB","Enemy.Swim",180,82,2.14
"SMB","Enemy.Swim",180,88,1.47
"SMB","Enemy.Swim",181,76,1.01
"SMB","Enemy.Swim",181,83,0.43
"SMB","Enemy.Swim",181,95,1.51
"SMB","Enemy.Swim",182,79,2.3
"SMB","Enemy.Swim",182,91,1.59
"SMB","Enemy.Swim",183,72,0.09
"SMB","Enemy.Swim",183,82,0.19
"SMB","Enemy.Swim",184,79,0.98
"SMB","Enemy.Swim",184,87,0.62
"SMB","Enemy.Swim",184,96,1.25
"SMB","Enemy.Swim",185,78,0.26
"SMB","Enemy.Swim",185,85,0.26
"SMB","Enemy.Swim",185,102,1.09
"SMB","Enemy.Swim",185,106,3.08
"SMB","Enemy.Swim",185,160,1.45
"SMB","Enemy.Swim",186,98,1.05
"SMB","Enemy.Swim",187,88,1.3
"SMB","Enemy.Swim",187,90,1.13
"SMB","Enemy.Swim",188,92,0.4
"SMB","Enemy.Swim",188,117,0.33
"SMB","Enemy.Swim",189,94,0.42
"SMB","Enemy.Swim",189,110,2.48
"SMB","Enemy.Swim",190,89,0.79
"SMB","Enemy.Swim",190,100,1.17
"SMB","Enemy.Swim",190,100,4.21
"SMB","Enemy.Swim",190,104,0.84
"SMB","Enemy.Swim",190,109,0.13
"SMB","Enemy.Swim",190,113,2.78
"SMB","Enemy.Swim",191,84,1.24
"SMB","Enemy.Swim",191,89,0.14
"SMB","Enemy.Swim",191,92,2.93
"SMB","Enemy.Swim",191,105,1.44
"SMB","Enemy.Swim",193,113,0.82
"SMB","Enemy.Swim",194,112,0.1
"SMB","Enemy.Swim",195,96,1.68
"SMB","Enemy.Swim",195,107,0.43
"SMB","Enemy.Swim",195,110,0.25
"SMB","Enemy.Swim",195,112,2.01
"SMB","Enemy.Swim",196,99,1.2
"SMB","Enemy.Swim",197,129,0.51
"SMB","Enemy.Swim",198,112,1.19
"SMB","Enemy.Swim",199,114,1.1
"SMB","Enemy.Swim",200,111,2.81
"SMB","Enemy.Swim",200,112,3.23
"SMB","Enemy.Swim",201,113,1.79
"SMB","Enemy.Swim",202,137,2.38
"SMB","Enemy.Swim",204,97,1.35
"SMB","Enemy.Swim",204,108,0.95
"SMB","Enemy.Swim",205,109,0.45
"SMB","Enemy.Swim",205,116,1.39
"SMB","Enemy.Swim",205,130,3.31
"SMB","Enemy.Swim",206,147,0.46
"SMB","Enemy.Swim",207,120,2.01
"SMB","Enemy.Swim",209,103,0.01
"SMB","Enemy.Swim",209,122,3.62
"SMB","Enemy.Swim",209,129,0.77
"SMB","Enemy.Swim",210,130,1.4
"SMB","Enemy.Swim",210,140,0.66
"SMB","Enemy.Swim",210,142,4.95
"SMB","Enemy.Swim",212,134,0.81
"SMB","Enemy.Swim",212,150,1.63
"SMB","Enemy.Swim",214,170,0.08
"SMB","Enemy.Swim",215,128,1.68
"SMB","Enemy.Swim",215,131,0.67
"SMB","Enemy.Swim",216,139,0.59
"SMB","Enemy.Swim",217,143,3.02
"SMB","Enemy.Swim",218,147,3.51
"SMB","Enemy.Swim",219,159,0.4
"SMB","Enemy.Swim",220,159,0.55
"SMB","Enemy.Swim",222,150,4.12
"SMB","Enemy.Swim",222,155,0.94
"SMB","Enemy.Swim",222,157,3.06
"SMB","Enemy.Swim",223,147,2.43
"SMB","Enemy.Swim",223,171,1.11
"SMB","Enemy.Swim",224,141,0.61
"SMB","Enemy.Swim",227,176,10.92
"SMB","Enemy.Swim",228,157,0.57
"SMB","Enemy.Swim",230,166,1.59
"SMB","Enemy.Swim",231,151,0.02
"SMB","Enemy.Swim",235,132,2.19
"SMB","Enemy.Swim",235,189,0.05
"SMB","Enemy.Swim",239,189,0.03
"SMB","Enemy.Swim",241,183,1.33
"SMB","Enemy.Swim",243,194,0.01
"SMB","Enemy.Swim",244,203,4.48
"SMB","Enemy.Swim",245,186,1.35
"SMB","Enemy.Swim",246,217,6.63
"SMB","Enemy.Swim",247,191,2.58
"SMB","Enemy.Swim",247,194,0.04
"SMB","Enemy.Swim",252,214,0.01
"SMB","Enemy.Swim",254,194,0.71
"SMB","Enemy.Swim",255,212,0.16
"SMB","Enemy.Swim",256,247,0.05
"SMB","Enemy.Swim",257,196,0.46
"SMB","Enemy.Swim",273,234,0.75
"SMB","Enemy.Swim",273,311,1.09
"SMB","Enemy.Swim",275,280,11.62
"SMB","Enemy.Swim",275,292,8.34
"SMB","Enemy.Swim",277,261,0.17
"SMB","Enemy.Swim",278,327,0.58
"SMB","Enemy.Swim",281,317,3.99
"SMB","Enemy.Swim",284,151,3.26
"SMB","Enemy.Swim",284,319,9
"SMB","Enemy.Swim",286,329,0.97
"SMB","Enemy.Swim",286,335,1.42
"SMB","Enemy.Swim",290,334,5.29
"SMB","Enemy.Swim",293,228,1.72
"SMB","Enemy.Swim",299,331,0.05
"SMB","Enemy.Swim",299,368,2.18
"SMB","Enemy.Swim",302,393,16.06
"SMB","Enemy.Swim",308,413,2.17
"SMB","Enemy.Swim",314,449,5.35
"SMB","Enemy.Swim",315,457,11.33
"SMB","Enemy.Swim",317,447,0.02
"SMB","Enemy.Swim",318,469,2.17
"SMB","Enemy.Swim",318,476,1.29
"SMB","Enemy.Swim",319,478,0.13
"SMB","Enemy.Swim",322,481,6
"SMB","Enemy.Swim",323,442,9.34
"SMB","Enemy.Swim",325,483,3.27
"SMB","Enemy.Swim",329,534,0.17
"SMB","Enemy.Swim",330,514,2.65
"SMB","Enemy.Swim",331,500,0.66
"SMB","Enemy.Swim",333,506,1.93
"SMB","Enemy.Swim",333,551,1.58
"SMB","Enemy.Swim",333,591,0.83
"SMB","Enemy.Swim",341,537,13.81
"SMB","Enemy.Swim",342,602,0.25
"SMB","Enemy.Swim",343,548,1.76
"SMB","Enemy.Swim",349,641,6.21
"SMB","Enemy.Swim",350,595,1.79
"SMB","Enemy.Swim",353,686,1.42
"SMB","Enemy.Swim",357,758,2.42
"SMB","Enemy.Swim",360,693,0.55
"SMB","Enemy.Swim",362,761,6.63
"SMB","Enemy.Swim",366,728,6.45
"SMB","Enemy.Swim",368,703,5.97
"SMB","Enemy.Swim",369,891,12.65
"SMB","Enemy.Swim",371,719,6.77
"SMB","Enemy.Swim",374,863,9.19
"SMB","Enemy.Swim",380,743,8.03
"SMB","Enemy.Swim",381,891,6.09
"SMB","Enemy.Swim",384,891,5.72
"SMB","Enemy.Swim",385,932,5.98
"SMB","Enemy.Swim",389,958,1.82
"SMB","Enemy.Swim",390,893,3.23
"SMB","Enemy.Swim",392,927,2.05
"SMB","Enemy.Swim",396,644,2.42
"SMB","Enemy.Swim",399,927,1.38
"SMB","Enemy.Swim",399,1089,4
"SMB","Enemy.Swim",402,1023,1.12
"SMB","Enemy.Swim",403,924,3.85
"SMB","Enemy.Swim",406,1057,5.9
"SMB","Enemy.Swim",410,1086,17.98
"SMB","Enemy.Swim",415,1004,0.55
"SMB","Enemy.Swim",417,1081,14.29
"SMB","Enemy.Swim",417,1131,0.24
"SMB","Enemy.Swim",420,1011,0.52
"SMB","Enemy.Swim",423,1110,0.76
"SMB","Enemy.Swim",441,1437,16.08
"SMB","Enemy.Swim",450,1230,17.71
"SMB","Enemy.Swim",451,1384,19.97
"SMB","Enemy.Swim",461,1558,4.39
"SMB","Pickerel",93,9,0.05
"SMB","Pickerel",95,11,0.19
"SMB","Pickerel",96,12,0.02
"SMB","Pickerel",105,16,0.01
"SMB","Pickerel",110,13,0.07
"SMB","Pickerel",110,16,0.09
"SMB","Pickerel",113,15,0.01
"SMB","Pickerel",135,32,0.03
"SMB","Pickerel",135,38,0.1
"SMB","Pickerel",140,24,0.13
"SMB","Pickerel",142,36,0.13
"SMB","Pickerel",142,37,0.01
"SMB","Pickerel",145,41,0.23
"SMB","Pickerel",150,45,0.14
"SMB","Pickerel",150,48,0.36
"SMB","Pickerel",150,52,0.05
"SMB","Pickerel",152,50,0.05
"SMB","Pickerel",154,43,0.07
"SMB","Pickerel",155,45,0.04
"SMB","Pickerel",156,51,0.63
"SMB","Pickerel",156,53,0.28
"SMB","Pickerel",156,60,1.49
"SMB","Pickerel",156,70,2.21
"SMB","Pickerel",157,42,0.09
"SMB","Pickerel",157,49,0.49
"SMB","Pickerel",157,54,0.16
"SMB","Pickerel",157,55,0.01
"SMB","Pickerel",158,55,3.05
"SMB","Pickerel",160,56,0.09
"SMB","Pickerel",161,60,1.29
"SMB","Pickerel",162,59,0.22
"SMB","Pickerel",162,65,1.27
"SMB","Pickerel",163,59,0.44
"SMB","Pickerel",164,49,0.09
"SMB","Pickerel",164,51,0.01
"SMB","Pickerel",164,60,0.02
"SMB","Pickerel",165,58,0.06
"SMB","Pickerel",165,68,1.66
"SMB","Pickerel",166,56,0.05
"SMB","Pickerel",167,63,0.04
"SMB","Pickerel",168,56,0.02
"SMB","Pickerel",168,65,0.03
"SMB","Pickerel",169,58,0.02
"SMB","Pickerel",169,64,0.05
"SMB","Pickerel",169,83,1.98
"SMB","Pickerel",170,52,0.12
"SMB","Pickerel",170,68,0.13
"SMB","Pickerel",170,68,0.14
"SMB","Pickerel",170,70,1.99
"SMB","Pickerel",170,70,3.33
"SMB","Pickerel",170,76,2.27
"SMB","Pickerel",175,69,0.17
"SMB","Pickerel",175,72,0.03
"SMB","Pickerel",175,73,0.32
"SMB","Pickerel",175,85,0.64
"SMB","Pickerel",176,60,0.02
"SMB","Pickerel",176,69,0.12
"SMB","Pickerel",176,71,1.03
"SMB","Pickerel",178,79,0.16
"SMB","Pickerel",179,99,2.54
"SMB","Pickerel",179,102,2.8
"SMB","Pickerel",183,66,0.06
"SMB","Pickerel",183,77,0.08
"SMB","Pickerel",183,91,2.44
"SMB","Pickerel",189,72,0.12
"SMB","Pickerel",189,81,0.12
"SMB","Pickerel",189,91,0.44
"SMB","Pickerel",190,91,0.3
"SMB","Pickerel",190,98,0.18
"SMB","Pickerel",192,109,2.58
"SMB","Pickerel",193,83,0.73
"SMB","Pickerel",198,95,0.15
"SMB","Pickerel",199,107,1
"SMB","Pickerel",200,103,0.71
"SMB","Pickerel",201,121,1.83
"SMB","Pickerel",202,112,2.79
"SMB","Pickerel",205,108,0.13
"SMB","Pickerel",205,122,0.48
"SMB","Pickerel",206,113,0.43
"SMB","Pickerel",207,101,0.42
"SMB","Pickerel",207,126,0.23
"SMB","Pickerel",207,127,1.35
"SMB","Pickerel",210,103,0.13
"SMB","Pickerel",211,115,0.13
"SMB","Pickerel",211,122,0.29
"SMB","Pickerel",211,135,0.76
"SMB","Pickerel",213,113,0.93
"SMB","Pickerel",213,133,0.27
"SMB","Pickerel",215,124,0.73
"SMB","Pickerel",215,127,0.12
"SMB","Pickerel",215,140,2.93
"SMB","Pickerel",215,141,0.39
"SMB","Pickerel",219,143,1.7
"SMB","Pickerel",219,158,1.08
"SMB","Pickerel",220,150,2.3
"SMB","Pickerel",220,154,1.57
"SMB","Pickerel",222,135,0.95
"SMB","Pickerel",222,156,1.53
"SMB","Pickerel",222,168,2.57
"SMB","Pickerel",223,143,0.48
"SMB","Pickerel",227,127,0.15
"SMB","Pickerel",228,138,0.08
"SMB","Pickerel",228,169,1.34
"SMB","Pickerel",230,151,3.94
"SMB","Pickerel",230,158,0.07
"SMB","Pickerel",230,175,1.09
"SMB","Pickerel",232,169,1.02
"SMB","Pickerel",232,171,1.71
"SMB","Pickerel",233,159,1.55
"SMB","Pickerel",234,173,0.17
"SMB","Pickerel",235,170,0.45
"SMB","Pickerel",237,157,0.49
"SMB","Pickerel",237,165,1.09
"SMB","Pickerel",237,174,5.99
"SMB","Pickerel",237,186,0.43
"SMB","Pickerel",239,173,1.51
"SMB","Pickerel",240,168,0.81
"SMB","Pickerel",240,182,3.14
"SMB","Pickerel",242,172,1.01
"SMB","Pickerel",242,180,0.17
"SMB","Pickerel",242,213,0.41
"SMB","Pickerel",243,187,3.09
"SMB","Pickerel",243,191,5.83
"SMB","Pickerel",244,176,0.58
"SMB","Pickerel",244,186,2.91
"SMB","Pickerel",244,200,6.38
"SMB","Pickerel",246,179,0.73
"SMB","Pickerel",247,177,0.12
"SMB","Pickerel",247,192,1.04
"SMB","Pickerel",247,206,1.26
"SMB","Pickerel",248,187,10.18
"SMB","Pickerel",250,179,0.19
"SMB","Pickerel",252,212,0.23
"SMB","Pickerel",253,204,0.09
"SMB","Pickerel",257,204,0.36
"SMB","Pickerel",257,212,0.31
"SMB","Pickerel",258,214,0.45
"SMB","Pickerel",259,216,3.71
"SMB","Pickerel",259,306,2.67
"SMB","Pickerel",260,211,0.47
"SMB","Pickerel",261,211,0.11
"SMB","Pickerel",262,242,1.49
"SMB","Pickerel",263,232,0.18
"SMB","Pickerel",265,223,0.03
"SMB","Pickerel",267,205,0.19
"SMB","Pickerel",267,207,1.19
"SMB","Pickerel",269,281,1.66
"SMB","Pickerel",270,254,1.41
"SMB","Pickerel",270,254,1.96
"SMB","Pickerel",272,255,0.12
"SMB","Pickerel",273,240,0.72
"SMB","Pickerel",273,273,1.48
"SMB","Pickerel",273,276,3.47
"SMB","Pickerel",275,254,0.5
"SMB","Pickerel",277,300,4.42
"SMB","Pickerel",279,292,3.82
"SMB","Pickerel",280,280,0.79
"SMB","Pickerel",280,282,4.21
"SMB","Pickerel",280,288,5.88
"SMB","Pickerel",281,285,1.06
"SMB","Pickerel",281,289,0.04
"SMB","Pickerel",281,310,1.03
"SMB","Pickerel",283,317,8.61
"SMB","Pickerel",285,269,1.5
"SMB","Pickerel",285,320,5.41
"SMB","Pickerel",286,307,7.08
"SMB","Pickerel",286,375,13.14
"SMB","Pickerel",287,286,0.66
"SMB","Pickerel",287,320,1.72
"SMB","Pickerel",289,314,8.02
"SMB","Pickerel",289,336,5.69
"SMB","Pickerel",290,390,13.9
"SMB","Pickerel",291,310,1.7
"SMB","Pickerel",291,321,0.27
"SMB","Pickerel",292,306,1.6
"SMB","Pickerel",293,341,0.91
"SMB","Pickerel",295,307,2.25
"SMB","Pickerel",295,320,10.44
"SMB","Pickerel",295,324,2.48
"SMB","Pickerel",295,329,0.28
"SMB","Pickerel",295,330,3.93
"SMB","Pickerel",295,355,4.63
"SMB","Pickerel",300,325,0.36
"SMB","Pickerel",300,357,1.58
"SMB","Pickerel",303,351,7.7
"SMB","Pickerel",305,358,0.63
"SMB","Pickerel",305,360,8.43
"SMB","Pickerel",305,367,0.33
"SMB","Pickerel",307,345,1.35
"SMB","Pickerel",308,340,1.2
"SMB","Pickerel",308,351,0.13
"SMB","Pickerel",315,380,5.3
"SMB","Pickerel",317,410,2.07
"SMB","Pickerel",320,409,0.21
"SMB","Pickerel",320,422,0.43
"SMB","Pickerel",320,463,3.7
"SMB","Pickerel",321,415,1.96
"SMB","Pickerel",321,420,9.21
"SMB","Pickerel",323,391,5.28
"SMB","Pickerel",324,442,12.84
"SMB","Pickerel",325,452,1.14
"SMB","Pickerel",325,499,12.61
"SMB","Pickerel",327,457,5.02
"SMB","Pickerel",329,420,4.04
"SMB","Pickerel",330,468,2.97
"SMB","Pickerel",330,515,13.14
"SMB","Pickerel",331,459,6.18
"SMB","Pickerel",332,429,0.33
"SMB","Pickerel",332,475,0.23
"SMB","Pickerel",335,425,0.05
"SMB","Pickerel",335,443,3.64
"SMB","Pickerel",335,456,0.92
"SMB","Pickerel",335,554,24.4
"SMB","Pickerel",337,526,1.8
"SMB","Pickerel",339,515,0.81
"SMB","Pickerel",341,507,6.21
"SMB","Pickerel",342,524,0.19
"SMB","Pickerel",343,529,0.89
"SMB","Pickerel",345,534,10.7
"SMB","Pickerel",346,568,6.84
"SMB","Pickerel",347,518,3.11
"SMB","Pickerel",347,573,12.52
"SMB","Pickerel",348,574,1.28
"SMB","Pickerel",349,507,2.47
"SMB","Pickerel",349,592,2.58
"SMB","Pickerel",350,552,4.35
"SMB","Pickerel",352,523,0.8
"SMB","Pickerel",352,615,7.78
"SMB","Pickerel",352,628,4.25
"SMB","Pickerel",353,586,13.4
"SMB","Pickerel",353,606,0.38
"SMB","Pickerel",355,560,9.86
"SMB","Pickerel",356,601,25.7
"SMB","Pickerel",357,630,7.79
"SMB","Pickerel",358,582,1.96
"SMB","Pickerel",358,655,28.62
"SMB","Pickerel",359,611,12.5
"SMB","Pickerel",360,551,4.89
"SMB","Pickerel",360,571,1.67
"SMB","Pickerel",360,599,12.21
"SMB","Pickerel",360,607,11.36
"SMB","Pickerel",362,597,2.37
"SMB","Pickerel",362,634,1.17
"SMB","Pickerel",362,673,8.97
"SMB","Pickerel",363,579,2.68
"SMB","Pickerel",364,587,4.08
"SMB","Pickerel",365,253,2.26
"SMB","Pickerel",367,572,0.37
"SMB","Pickerel",368,672,0.14
"SMB","Pickerel",369,555,0.14
"SMB","Pickerel",369,659,0.68
"SMB","Pickerel",369,700,3.31
"SMB","Pickerel",370,630,21.7
"SMB","Pickerel",370,640,4.01
"SMB","Pickerel",370,698,2.46
"SMB","Pickerel",370,706,6.51
"SMB","Pickerel",371,695,9.46
"SMB","Pickerel",372,648,0.15
"SMB","Pickerel",375,730,6.5
"SMB","Pickerel",375,751,3.84
"SMB","Pickerel",380,699,14.12
"SMB","Pickerel",380,800,9.41
"SMB","Pickerel",380,838,10.25
"SMB","Pickerel",384,760,18.37
"SMB","Pickerel",390,775,2.47
"SMB","Pickerel",390,845,20.19
"SMB","Pickerel",392,755,20.02
"SMB","Pickerel",393,810,3.19
"SMB","Pickerel",393,815,4.25
"SMB","Pickerel",393,824,1.05
"SMB","Pickerel",397,850,3.07
"SMB","Pickerel",401,870,8.6
"SMB","Pickerel",404,860,0.17
"SMB","Pickerel",405,841,3.88
"SMB","Pickerel",407,947,16.21
"SMB","Pickerel",410,835,1.45
"SMB","Pickerel",410,920,0.07
"SMB","Pickerel",410,1025,1.71
"SMB","Pickerel",412,1094,11.39
"SMB","Pickerel",412,1103,7.45
"SMB","Pickerel",413,920,19.06
"SMB","Pickerel",413,975,17.28
"SMB","Pickerel",414,918,1.79
"SMB","Pickerel",415,1043,31.07
"SMB","Pickerel",416,913,0.09
"SMB","Pickerel",421,1110,29.1
"SMB","Pickerel",422,1146,25.82
"SMB","Pickerel",425,1026,8.42
"SMB","Pickerel",425,1057,3.42
"SMB","Pickerel",432,1272,7.24
"SMB","Pickerel",435,1135,14.86
"SMB","Pickerel",435,1568,3.39
"SMB","Pickerel",442,1193,16.43
"SMB","Pickerel",442,1396,9.32
"SMB","Pickerel",485,1519,2.89
"SMB","Pickerel",492,1530,0.09
"SMB","Roy",74,6,0.04
"SMB","Roy",77,5,0.12
"SMB","Roy",87,7,0.04
"SMB","Roy",90,8.26,0.32
"SMB","Roy",98,11,0.93
"SMB","Roy",105,23,0.45
"SMB","Roy",113,16,0.24
"SMB","Roy",116,19,0.73
"SMB","Roy",118,17,0.07
"SMB","Roy",123,19,0.3
"SMB","Roy",131,21,1.13
"SMB","Roy",131,33,0.02
"SMB","Roy",132,23,0.14
"SMB","Roy",136,18,0.9
"SMB","Roy",138,40,0.26
"SMB","Roy",139,35,0.23
"SMB","Roy",140,47,0.73
"SMB","Roy",145,45,0.45
"SMB","Roy",148,38,0.34
"SMB","Roy",148,42,0.73
"SMB","Roy",150,36,1.25
"SMB","Roy",150,37,0.22
"SMB","Roy",151,46,0.56
"SMB","Roy",152,37,0.09
"SMB","Roy",152,55,0.41
"SMB","Roy",153,40,0.32
"SMB","Roy",154,60,0.25
"SMB","Roy",155,43,0.85
"SMB","Roy",155,65,1.1
"SMB","Roy",158,73,1.15
"SMB","Roy",160,45,0.01
"SMB","Roy",160,62,0.01
"SMB","Roy",160,65,0.2
"SMB","Roy",161,44,0.19
"SMB","Roy",162,43,0.34
"SMB","Roy",164,53,0.16
"SMB","Roy",164,60,0.27
"SMB","Roy",165,44,0.48
"SMB","Roy",165,61,0.01
"SMB","Roy",165,61,1.05
"SMB","Roy",165,69,2.23
"SMB","Roy",166,67,0.34
"SMB","Roy",166,73,0.04
"SMB","Roy",167,78,0.54
"SMB","Roy",169,55,0.55
"SMB","Roy",169,56,1.45
"SMB","Roy",169,61,0.88
"SMB","Roy",169,62,1.18
"SMB","Roy",170,59,0.93
"SMB","Roy",170,66,1.06
"SMB","Roy",170,76,2.91
"SMB","Roy",170,88,1.18
"SMB","Roy",171,44,0.21
"SMB","Roy",171,51,1.49
"SMB","Roy",171,61,0.02
"SMB","Roy",172,60,0.22
"SMB","Roy",172,74,0.65
"SMB","Roy",172,78,0.67
"SMB","Roy",173,58,0.5
"SMB","Roy",174,62,0.46
"SMB","Roy",175,55,0.68
"SMB","Roy",175,63,0.2
"SMB","Roy",175,66,1.01
"SMB","Roy",175,67,0.75
"SMB","Roy",175,69,0.02
"SMB","Roy",175,73,0.88
"SMB","Roy",175,82,0.25
"SMB","Roy",175,92,2.44
"SMB","Roy",177,61,0.5
"SMB","Roy",177,81,1.26
"SMB","Roy",177,87,0.73
"SMB","Roy",178,62,1.61
"SMB","Roy",178,72,0.91
"SMB","Roy",179,68,1.04
"SMB","Roy",179,76,1.04
"SMB","Roy",179,78,0.78
"SMB","Roy",179,83,1.59
"SMB","Roy",180,62,0.06
"SMB","Roy",180,65,0.11
"SMB","Roy",180,65,0.36
"SMB","Roy",180,68,3.59
"SMB","Roy",180,87,0.79
"SMB","Roy",180,105,2.3
"SMB","Roy",182,65,0.49
"SMB","Roy",183,77,2.21
"SMB","Roy",184,75,0.15
"SMB","Roy",185,113,1.32
"SMB","Roy",186,90,0.1
"SMB","Roy",186,108,2.54
"SMB","Roy",187,75,0.15
"SMB","Roy",187,93,0.13
"SMB","Roy",187,94,0.18
"SMB","Roy",190,95,0.79
"SMB","Roy",190,101,0.41
"SMB","Roy",190,102,0.9
"SMB","Roy",190,114,2.06
"SMB","Roy",191,105,1.07
"SMB","Roy",192,105,1.18
"SMB","Roy",193,97,3.27
"SMB","Roy",193,111,2.04
"SMB","Roy",194,98,2.57
"SMB","Roy",194,105,0.03
"SMB","Roy",195,92,0.94
"SMB","Roy",195,100,2.28
"SMB","Roy",195,103,1.61
"SMB","Roy",196,80,0.43
"SMB","Roy",196,110,0.13
"SMB","Roy",200,113,0.09
"SMB","Roy",200,119,2
"SMB","Roy",200,120,1.52
"SMB","Roy",200,123,0.11
"SMB","Roy",200,126,5.14
"SMB","Roy",201,104,0.45
"SMB","Roy",202,102,0.06
"SMB","Roy",202,119,0.48
"SMB","Roy",203,107,0.23
"SMB","Roy",204,116,0.88
"SMB","Roy",204,122,0.95
"SMB","Roy",205,118,0.04
"SMB","Roy",205,131,0.21
"SMB","Roy",208,130,0.93
"SMB","Roy",208,137,1.46
"SMB","Roy",213,130,3.71
"SMB","Roy",214,121,0.13
"SMB","Roy",214,150,0.35
"SMB","Roy",214,154,3.81
"SMB","Roy",215,145,0.1
"SMB","Roy",215,146,1.04
"SMB","Roy",216,160,1.3
"SMB","Roy",218,160,2.27
"SMB","Roy",220,160,0.15
"SMB","Roy",225,161,2.75
"SMB","Roy",225,168,1.12
"SMB","Roy",225,171,0.08
"SMB","Roy",225,173,0.23
"SMB","Roy",225,173,3.82
"SMB","Roy",225,174,1.59
"SMB","Roy",225,198,2.45
"SMB","Roy",227,155,5.33
"SMB","Roy",227,163,1.44
"SMB","Roy",228,153,0.04
"SMB","Roy",229,178,4.61
"SMB","Roy",229,186,1.01
"SMB","Roy",231,104,6.38
"SMB","Roy",231,184,2.82
"SMB","Roy",232,183,1.85
"SMB","Roy",232,194,3.2
"SMB","Roy",233,170,0.22
"SMB","Roy",234,182,0.49
"SMB","Roy",234,189,0.43
"SMB","Roy",235,197,2.51
"SMB","Roy",235,210,0.59
"SMB","Roy",237,184,0.64
"SMB","Roy",239,185,2.85
"SMB","Roy",240,208,1.17
"SMB","Roy",240,214,2.08
"SMB","Roy",241,186,1.06
"SMB","Roy",241,209,0.97
"SMB","Roy",245,216,1.13
"SMB","Roy",245,240,1.58
"SMB","Roy",245,255,5.44
"SMB","Roy",246,236,2.13
"SMB","Roy",247,211,1.38
"SMB","Roy",249,220,0.49
"SMB","Roy",250,250,1.71
"SMB","Roy",250,270,6.63
"SMB","Roy",252,225,3.64
"SMB","Roy",254,255,4.24
"SMB","Roy",255,241,0.18
"SMB","Roy",255,246,4.73
"SMB","Roy",255,255,1.31
"SMB","Roy",255,260,0.66
"SMB","Roy",256,263,6.53
"SMB","Roy",257,238,1.06
"SMB","Roy",257,312,1.41
"SMB","Roy",259,291,2.16
"SMB","Roy",260,250,3.24
"SMB","Roy",260,286,6.64
"SMB","Roy",261,255,0.76
"SMB","Roy",265,267,3.67
"SMB","Roy",265,280,1.53
"SMB","Roy",266,294,5.85
"SMB","Roy",267,274,3.9
"SMB","Roy",268,265,0.36
"SMB","Roy",270,375,5.13
"SMB","Roy",280,308,11.67
"SMB","Roy",280,334,8.46
"SMB","Roy",281,330,9.82
"SMB","Roy",281,354,0.64
"SMB","Roy",283,336,6.26
"SMB","Roy",284,336,7.78
"SMB","Roy",285,366,10.62
"SMB","Roy",286,370,8.85
"SMB","Roy",287,279,7.17
"SMB","Roy",287,343,0.33
"SMB","Roy",287,372,0.95
"SMB","Roy",288,359,0.81
"SMB","Roy",289,324,0.12
"SMB","Roy",289,345,1.33
"SMB","Roy",290,351,0.08
"SMB","Roy",292,384,8
"SMB","Roy",293,384,0.53
"SMB","Roy",295,382,1.07
"SMB","Roy",295,387,3.36
"SMB","Roy",295,405,0.02
"SMB","Roy",296,413,0.73
"SMB","Roy",298,361,0.62
"SMB","Roy",300,363,0.02
"SMB","Roy",300,388,5.26
"SMB","Roy",300,415,12.89
"SMB","Roy",301,353,0.17
"SMB","Roy",303,440,2.36
"SMB","Roy",305,390,0.38
"SMB","Roy",305,429,0.8
"SMB","Roy",305,460,16.39
"SMB","Roy",310,476,5.66
"SMB","Roy",318,430,0.51
"SMB","Roy",320,450,0.38
"SMB","Roy",320,470,6.56
"SMB","Roy",321,516,13.69
"SMB","Roy",322,505,11.41
"SMB","Roy",325,552,11.08
"SMB","Roy",330,480,3.06
"SMB","Roy",331,517,0.24
"SMB","Roy",333,550,2.87
"SMB","Roy",335,565,9.9
"SMB","Roy",339,590,2.38
"SMB","Roy",344,585,12.09
"SMB","Roy",345,705,0.79
"SMB","Roy",360,710,12.73
"SMB","Roy",360,791,30.05
"SMB","Roy",361,678,0.5
"SMB","Roy",362,791,0.04
"SMB","Roy",365,776,0.51
"SMB","Roy",376,745,0.14
"SMB","Roy",376,792,0.23
"SMB","Roy",377,784,0.14
"SMB","Roy",377,885,0.3
"SMB","Roy",382,920,4.82
"SMB","Roy",390,840,12.65
"SMB","Roy",404,1052,1.33
"SMB","Roy",413,1113,9.95
"SMB","Roy",413,1125,0.34
"SMB","Roy",414,978,12.25
"SMB","Roy",419,1170,8.83
"SMB","Roy",426,1327,0.23
"SMB","Roy",430,1305,20
"SMB","Roy",435,1309,16.23
"SMB","Roy",435,1330,6.22
"SMB","Roy",435,1457,4.59
"SMB","Roy",436,1264,19.41
"SMB","Roy",440,1331,27.55
"SMB","Roy",440,1413,6.46
"SMB","Roy",440,1565,0.99
"SMB","Roy",441,1395,2.44
"SMB","Roy",445,1356,26.94
"SMB","Roy",445,1367,15.72
"SMB","Roy",446,1463,23.3
"SMB","Roy",446,1473,17.8
"SMB","Roy",447,1399,1.8
"SMB","Roy",448,1358,23.08
"SMB","Roy",448,1377,18.68
"SMB","Roy",450,1380,13.73
"SMB","Roy",450,1391,4.97
"SMB","Roy",450,1435,4.92
"SMB","Roy",450,1441,20.26
"SMB","Roy",450,1470,12.74
"SMB","Roy",451,1253,37.42
"SMB","Roy",452,1436,22.45
"SMB","Roy",452,1581,12.49
"SMB","Roy",453,1607,0.11
"SMB","Roy",454,1476,3.41
"SMB","Roy",454,1479,4.69
"SMB","Roy",454,1491,5.83
"SMB","Roy",460,1462,18.56
"SMB","Roy",460,1560,63.81
"SMB","Roy",463,1360,17.32
"SMB","Roy",465,1450,18.42
"SMB","Roy",466,1490,3.88
"SMB","Roy",468,1360,12.68
"SMB","Roy",469,1556,22.37
"SMB","Roy",470,1665,17.06
"SMB","Roy",472,1630,0.67
"SMB","Roy",480,1880,18.19
"SMB","Roy",480,1954,64.03
"SMB","Roy",483,1646,28.67
"SMB","Roy",485,1650,14.22
"SMB","Roy",485,1718,0.63
"SMB","Roy",485,1882,4.46
"WAE","Bitter",125,16.9,0.2313
"WAE","Bitter",130,19.3,0.6153
"WAE","Bitter",134,18.4,0.0845
"WAE","Bitter",134,23,0.4116
"WAE","Bitter",135,20,0.5192
"WAE","Bitter",135,21.7,0.5363
"WAE","Bitter",136,25,0.1173
"WAE","Bitter",139,22.6,0.3872
"WAE","Bitter",140,22,0.1597
"WAE","Bitter",140,23.8,0.5565
"WAE","Bitter",140,25.1,0.4255
"WAE","Bitter",140,25.6,0.5967
"WAE","Bitter",141,21.2,0.2891
"WAE","Bitter",143,26.1,1.0354
"WAE","Bitter",144,24.3,0.2194
"WAE","Bitter",144,24.4,0.1843
"WAE","Bitter",145,26.2,0.5569
"WAE","Bitter",146,26,0.1467
"WAE","Bitter",149,28.5,0.7025
"WAE","Bitter",149,28.6,0.2626
"WAE","Bitter",152,29.6,0.0109
"WAE","Bitter",152,29.6,0.1314
"WAE","Bitter",153,30.2,0.0549
"WAE","Bitter",155,33.2,1.1049
"WAE","Bitter",156,32.5,0.1158
"WAE","Bitter",166,41.3,0.0056
"WAE","Bitter",171,42.6,1.058
"WAE","Bitter",172,42.3,1.308
"WAE","Bitter",174,38.4,0.4072
"WAE","Bitter",174,48.9,0.0067
"WAE","Bitter",175,42.2,0.5676
"WAE","Bitter",178,44.6,0.5908
"WAE","Bitter",181,49.6,0.7117
"WAE","Bitter",182,51.3,0.2284
"WAE","Bitter",183,50.9,0.6882
"WAE","Bitter",183,51.7,1.2567
"WAE","Bitter",184,48.7,0.0787
"WAE","Bitter",185,52.1,0.9906
"WAE","Bitter",186,54.6,0.8285
"WAE","Bitter",186,55.4,0.8236
"WAE","Bitter",186,56,1.1386
"WAE","Bitter",187,56.3,0.3328
"WAE","Bitter",190,60.8,0.5629
"WAE","Bitter",190,65.2,0.2443
"WAE","Bitter",191,63.3,1.3455
"WAE","Bitter",192,57,0.0497
"WAE","Bitter",194,63.8,1.227
"WAE","Bitter",196,65,0.8317
"WAE","Bitter",196,66.6,1.7055
"WAE","Bitter",196,69.9,0.7043
"WAE","Bitter",197,68.5,0.8282
"WAE","Bitter",199,72.4,0.2439
"WAE","Bitter",200,64.8,0.1668
"WAE","Bitter",201,74.5,0.1422
"WAE","Bitter",202,71,1.1285
"WAE","Bitter",206,82,0.2583
"WAE","Bitter",209,80.8,0.94
"WAE","Bitter",210,76,0.018
"WAE","Bitter",210,90.8,0.5869
"WAE","Bitter",210,91.4,0.2756
"WAE","Bitter",211,91.3,0.2411
"WAE","Bitter",213,74.2,0.7044
"WAE","Bitter",215,90.2,0.2148
"WAE","Bitter",216,87.7,0.12
"WAE","Bitter",218,94.8,0.1404
"WAE","Bitter",220,101.9,0.1303
"WAE","Bitter",231,113.7,2.3859
"WAE","Bitter",240,119.7,0.54
"WAE","Bitter",250,141,2.11
"WAE","Bitter",254,139.3,0.73
"WAE","Bitter",260,147.8,0.582
"WAE","Bitter",260,148.8,2.74
"WAE","Bitter",260,159.5,0.3
"WAE","Bitter",261,154.3,0.182
"WAE","Bitter",261,156.5,0.08
"WAE","Bitter",263,148.9,0.19
"WAE","Bitter",264,156.1,0.74
"WAE","Bitter",265,157.9,1.7
"WAE","Bitter",268,158.3,1.25
"WAE","Bitter",268,175.5,0.03
"WAE","Bitter",269,169.1,0.25
"WAE","Bitter",276,182,0.67
"WAE","Bitter",301,262.8,4.76
"WAE","Bitter",304,257.7,0.18
"WAE","Bitter",307,282.2,0.2
"WAE","Bitter",319,293.7,0.75
"WAE","Bitter",322,372.3,4.174
"WAE","Bitter",324,326,0.34
"WAE","Bitter",327,302,0.15
"WAE","Bitter",335,320.8,0.027
"WAE","Bitter",335,391,3.6
"WAE","Bitter",338,381,0.04
"WAE","Bitter",338,405.5,3.3916
"WAE","Bitter",340,346.3,0.49
"WAE","Bitter",340,361.7,0.797
"WAE","Bitter",341,352,2.8907
"WAE","Bitter",345,387,0.262
"WAE","Bitter",345,408.1,4.603
"WAE","Bitter",346,404.1,0.924
"WAE","Bitter",348,376.1,1.87
"WAE","Bitter",350,408.3,1.43
"WAE","Bitter",351,389.1,0.748
"WAE","Bitter",351,407.5,1.98
"WAE","Bitter",351,468.5,13.0387
"WAE","Bitter",354,396.4,0.052
"WAE","Bitter",354,439.9,1.3507
"WAE","Bitter",355,491.4,24.26
"WAE","Bitter",356,443.2,0.36
"WAE","Bitter",357,490,0.38
"WAE","Bitter",358,435,2.95
"WAE","Bitter",361,427.5,0.24
"WAE","Bitter",363,445.6,0.402
"WAE","Bitter",363,524,7.9174
"WAE","Bitter",364,448.2,0.1
"WAE","Bitter",365,425.2,0.637
"WAE","Bitter",365,481,2.9361
"WAE","Bitter",366,460.3,0.378
"WAE","Bitter",367,450,0.0075
"WAE","Bitter",367,456.7,0.075
"WAE","Bitter",367,469.1,0.05
"WAE","Bitter",367,489.7,1.71
"WAE","Bitter",367,502.5,1.562
"WAE","Bitter",369,485,1.69
"WAE","Bitter",370,460,13.9124
"WAE","Bitter",370,478.6,0.75
"WAE","Bitter",370,526,7.38
"WAE","Bitter",371,451.8,0.283
"WAE","Bitter",371,477.9,1.895
"WAE","Bitter",371,516,0.09
"WAE","Bitter",371,529.5,0.228
"WAE","Bitter",373,489.6,16.3887
"WAE","Bitter",373,492.8,1.746
"WAE","Bitter",374,480.9,0.226
"WAE","Bitter",374,513.1,0.015
"WAE","Bitter",375,452,0.078
"WAE","Bitter",375,472.8,1.185
"WAE","Bitter",375,494.3,2.309
"WAE","Bitter",375,496.3,3.121
"WAE","Bitter",375,516.6,1.0226
"WAE","Bitter",375,541.8,1.747
"WAE","Bitter",376,467.9,0.686
"WAE","Bitter",376,469.4,0.06
"WAE","Bitter",376,494.4,3.864
"WAE","Bitter",376,547.4,2.8879
"WAE","Bitter",377,437.6,1.03
"WAE","Bitter",378,479.6,3.146
"WAE","Bitter",378,491.9,2.723
"WAE","Bitter",378,494.4,0.011
"WAE","Bitter",378,546,17.84
"WAE","Bitter",380,497.5,1.972
"WAE","Bitter",380,507,0.112
"WAE","Bitter",380,507.3,0.1
"WAE","Bitter",380,511.7,0.323
"WAE","Bitter",380,603,0.45
"WAE","Bitter",381,514.7,3.108
"WAE","Bitter",381,520.6,0.605
"WAE","Bitter",381,550.3,0.9049
"WAE","Bitter",381,581.8,2.4636
"WAE","Bitter",382,511.6,1.04
"WAE","Bitter",382,522.5,1.634
"WAE","Bitter",382,551.2,2.31
"WAE","Bitter",384,538,3.17
"WAE","Bitter",385,538.4,0.058
"WAE","Bitter",385,582,2.143
"WAE","Bitter",385,585.1,0.5352
"WAE","Bitter",385,604,4.297
"WAE","Bitter",385,606,4.53
"WAE","Bitter",386,519.1,7.78
"WAE","Bitter",386,534.6,0.018
"WAE","Bitter",386,567.6,0.235
"WAE","Bitter",386,645,6.226
"WAE","Bitter",387,560.2,4.0733
"WAE","Bitter",388,547.3,0.529
"WAE","Bitter",388,588.7,0.172
"WAE","Bitter",390,563.3,0.029
"WAE","Bitter",390,580.6,0.15
"WAE","Bitter",392,519.4,1.5521
"WAE","Bitter",392,572,0.151
"WAE","Bitter",392,584,13.0387
"WAE","Bitter",393,579.1,1.2885
"WAE","Bitter",395,583.6,0.03
"WAE","Bitter",395,668.3,1.4945
"WAE","Bitter",395,692.1,3.18
"WAE","Bitter",396,568,2.508
"WAE","Bitter",396,607.8,0.6427
"WAE","Bitter",396,616.9,0.5856
"WAE","Bitter",398,607.5,0.4018
"WAE","Bitter",398,730,4.92
"WAE","Bitter",400,616.1,0.12
"WAE","Bitter",401,662,2.31
"WAE","Bitter",402,585,1.97
"WAE","Bitter",402,587,2.259
"WAE","Bitter",402,641,4.5
"WAE","Bitter",403,642.9,4.5026
"WAE","Bitter",403,672,2.1635
"WAE","Bitter",403,835.8,3.168
"WAE","Bitter",405,636,0.9121
"WAE","Bitter",405,660.7,0.4633
"WAE","Bitter",405,666,0.03
"WAE","Bitter",407,595.7,0.36
"WAE","Bitter",408,639,0.079
"WAE","Bitter",409,608,6.81
"WAE","Bitter",409,703,13.34
"WAE","Bitter",410,631.4,3.0347
"WAE","Bitter",411,634.9,1.892
"WAE","Bitter",411,640,0.9848
"WAE","Bitter",411,653.6,4.8864
"WAE","Bitter",411,782.1,2.1148
"WAE","Bitter",412,638.9,1.8193
"WAE","Bitter",412,724.4,4.2878
"WAE","Bitter",412,767,15.7792
"WAE","Bitter",413,631.8,1.9211
"WAE","Bitter",413,676,10.2281
"WAE","Bitter",413,683,6.33
"WAE","Bitter",414,700.8,0.7644
"WAE","Bitter",415,607.3,1.138
"WAE","Bitter",416,716.6,0.6229
"WAE","Bitter",417,674,2.37
"WAE","Bitter",417,743,14.76
"WAE","Bitter",418,573,5.6819
"WAE","Bitter",418,648,1.6005
"WAE","Bitter",418,689.2,2.0203
"WAE","Bitter",418,798.8,0.1237
"WAE","Bitter",420,744.2,19.971
"WAE","Bitter",420,750,4.23
"WAE","Bitter",420,774.2,3.6206
"WAE","Bitter",420,847.6,0.6722
"WAE","Bitter",422,770,16.07
"WAE","Bitter",422,833.5,9.4853
"WAE","Bitter",424,779.2,10.3286
"WAE","Bitter",425,822,1.358
"WAE","Bitter",427,661.6,7.2015
"WAE","Bitter",427,713.8,8.2162
"WAE","Bitter",427,715,2.46
"WAE","Bitter",429,815.6,0.1
"WAE","Bitter",430,739,3.69
"WAE","Bitter",430,787,3.8252
"WAE","Bitter",430,804,18.84
"WAE","Bitter",430,836.6,0.809
"WAE","Bitter",431,801,7.776
"WAE","Bitter",431,814.5,3.4327
"WAE","Bitter",432,778,3.3143
"WAE","Bitter",433,733.8,1.8254
"WAE","Bitter",433,758.1,2.3562
"WAE","Bitter",434,901.9,0.12
"WAE","Bitter",435,793,8.54
"WAE","Bitter",435,834,5.1126
"WAE","Bitter",436,777.9,0.0296
"WAE","Bitter",436,811.3,6.2248
"WAE","Bitter",437,843,6.44
"WAE","Bitter",438,830,6.3791
"WAE","Bitter",438,868,9.7164
"WAE","Bitter",438,890,20.4321
"WAE","Bitter",440,746,2.6117
"WAE","Bitter",440,814,1.46
"WAE","Bitter",440,865,1.14
"WAE","Bitter",440,941.9,19.52
"WAE","Bitter",440,990.9,0.2992
"WAE","Bitter",441,736,4.4012
"WAE","Bitter",441,780,7.96
"WAE","Bitter",443,828.1,4.1705
"WAE","Bitter",443,906.7,7.7119
"WAE","Bitter",443,999,6.14
"WAE","Bitter",444,874,1.92
"WAE","Bitter",444,958.5,0.4392
"WAE","Bitter",445,832,17.99
"WAE","Bitter",445,842,0.06
"WAE","Bitter",445,843,8.2827
"WAE","Bitter",445,970.2,4.3747
"WAE","Bitter",447,802.4,0.5318
"WAE","Bitter",447,836,9.3
"WAE","Bitter",450,784.2,7.9418
"WAE","Bitter",450,936.5,0.157
"WAE","Bitter",451,980,0.62
"WAE","Bitter",452,871,3.728
"WAE","Bitter",452,939,2.87
"WAE","Bitter",452,960,6.55
"WAE","Bitter",453,933.8,1.9
"WAE","Bitter",453,979,1.93
"WAE","Bitter",454,925.5,0.07
"WAE","Bitter",457,995,11.283
"WAE","Bitter",457,1022.3,5.09
"WAE","Bitter",458,1039.2,9.2347
"WAE","Bitter",460,933,5.45
"WAE","Bitter",460,936.2,1.879
"WAE","Bitter",460,985,4.34
"WAE","Bitter",460,991,4.8904
"WAE","Bitter",460,1001.8,0.27
"WAE","Bitter",460,1048,26.28
"WAE","Bitter",461,1086,1.62
"WAE","Bitter",462,1030.9,3.86
"WAE","Bitter",464,861,0.79
"WAE","Bitter",464,942.3,2.0778
"WAE","Bitter",464,1009,6.93
"WAE","Bitter",464,1040,12.981
"WAE","Bitter",465,880,0.22
"WAE","Bitter",465,1060,7.24
"WAE","Bitter",465,1088,3.15
"WAE","Bitter",468,1054.1,0.55
"WAE","Bitter",469,936,2.2
"WAE","Bitter",470,936.7,10.7428
"WAE","Bitter",470,1090,0.98
"WAE","Bitter",470,1156,0.28
"WAE","Bitter",472,1008.6,2.5012
"WAE","Bitter",472,1094,1.59
"WAE","Bitter",473,966,0.19
"WAE","Bitter",474,1037.1,4.677
"WAE","Bitter",475,1205,10.73
"WAE","Bitter",475,1312,0.03
"WAE","Bitter",478,1068.6,10.9852
"WAE","Bitter",479,1120.7,3.0939
"WAE","Bitter",480,1134.45,1.29
"WAE","Bitter",480,1145,1.3
"WAE","Bitter",481,1130.3,3.716
"WAE","Bitter",482,1109.5,0.01
"WAE","Bitter",483,1157,0.32
"WAE","Bitter",485,1064.5,2.9801
"WAE","Bitter",485,1128,5.43
"WAE","Bitter",485,1140,4.86
"WAE","Bitter",485,1242,0.08
"WAE","Bitter",486,1137,0.76
"WAE","Bitter",487,1180.8,0.1415
"WAE","Bitter",490,1182.1,0.05
"WAE","Bitter",490,1211,7.5956
"WAE","Bitter",490,1243.5,0.098
"WAE","Bitter",491,1211.8,0.461
"WAE","Bitter",492,1343,11.88
"WAE","Bitter",493,1080,5.3
"WAE","Bitter",493,1120,5.62
"WAE","Bitter",493,1235,7.77
"WAE","Bitter",494,1220,0.87
"WAE","Bitter",495,1111.1,6.2381
"WAE","Bitter",495,1368,0.69
"WAE","Bitter",500,1241.6,0.112
"WAE","Bitter",500,1257,21.07
"WAE","Bitter",510,1383.36,7.46
"WAE","Bitter",511,1364,3.52
"WAE","Bitter",515,1245,2.97
"WAE","Bitter",519,1343,0.06
"WAE","Bitter",520,1380,15.49
"WAE","Bitter",532,1703,16.87
"WAE","Bitter",535,1252,1.2
"WAE","Bitter",540,1794,0.07
"WAE","Bitter",550,1707,18.08
"WAE","Bitter",556,1900,0.08
"WAE","Bitter",561,1877,0.63
"WAE","Harlan.res",231,57,1.615
"WAE","Harlan.res",235,28,1.166
"WAE","Harlan.res",236,50,1.022
"WAE","Harlan.res",241,102,0.046
"WAE","Harlan.res",245,173,0.562
"WAE","Harlan.res",250,121,0.988
"WAE","Harlan.res",260,133,0.177
"WAE","Harlan.res",261,102,0.404
"WAE","Harlan.res",263,101,0.172
"WAE","Harlan.res",264,104,2.467
"WAE","Harlan.res",265,162,1.35
"WAE","Harlan.res",265,164,1.336
"WAE","Harlan.res",270,169,0
"WAE","Harlan.res",271,154,0.245
"WAE","Harlan.res",272,161,0.727
"WAE","Harlan.res",277,122,0.365
"WAE","Harlan.res",277,148,0.6
"WAE","Harlan.res",277,183,6.717
"WAE","Harlan.res",280,180,0.282
"WAE","Harlan.res",283,161,0.031
"WAE","Harlan.res",307,241,3.169
"WAE","Harlan.res",320,278,2.268
"WAE","Harlan.res",321,297,5.315
"WAE","Harlan.res",325,344,5.553
"WAE","Harlan.res",330,295,0.401
"WAE","Harlan.res",330,312,1.048
"WAE","Harlan.res",334,356,10.641
"WAE","Harlan.res",334,365,5.544
"WAE","Harlan.res",335,343,9.823
"WAE","Harlan.res",336,342,0.085
"WAE","Harlan.res",340,370,4.308
"WAE","Harlan.res",341,283,9.042
"WAE","Harlan.res",345,305,6.451
"WAE","Harlan.res",345,420,3.816
"WAE","Harlan.res",346,295,4.258
"WAE","Harlan.res",347,359,4.159
"WAE","Harlan.res",348,364,7.597
"WAE","Harlan.res",350,398,3.979
"WAE","Harlan.res",352,182,0
"WAE","Harlan.res",352,405,10.125
"WAE","Harlan.res",353,360,0.626
"WAE","Harlan.res",353,384,0.865
"WAE","Harlan.res",353,435,0.207
"WAE","Harlan.res",354,381,3.646
"WAE","Harlan.res",355,408,9.894
"WAE","Harlan.res",358,429,0.437
"WAE","Harlan.res",360,356,1.121
"WAE","Harlan.res",360,421,0.693
"WAE","Harlan.res",362,357,11.837
"WAE","Harlan.res",370,405,0.972
"WAE","Harlan.res",370,448,3.378
"WAE","Harlan.res",373,466,2.283
"WAE","Harlan.res",375,465,3.19
"WAE","Harlan.res",375,503,0.047
"WAE","Harlan.res",376,401,1.218
"WAE","Harlan.res",382,480,6.938
"WAE","Harlan.res",383,390,0.018
"WAE","Harlan.res",390,511,0.622
"WAE","Harlan.res",391,445,0.262
"WAE","Harlan.res",394,418,0.57
"WAE","Harlan.res",395,555,2.958
"WAE","Harlan.res",397,493,0.154
"WAE","Harlan.res",400,507,5.4
"WAE","Harlan.res",400,544,8.193
"WAE","Harlan.res",400,588,3.489
"WAE","Harlan.res",404,595,0.151
"WAE","Harlan.res",405,556,0.027
"WAE","Harlan.res",408,553,0.028
"WAE","Harlan.res",410,650,0.916
"WAE","Harlan.res",410,653,4.227
"WAE","Harlan.res",411,610,0.583
"WAE","Harlan.res",412,590,4.366
"WAE","Harlan.res",412,608,13.033
"WAE","Harlan.res",413,499,1.71
"WAE","Harlan.res",415,549,0.213
"WAE","Harlan.res",415,605,0.017
"WAE","Harlan.res",416,538,0.042
"WAE","Harlan.res",416,579,0.706
"WAE","Harlan.res",420,669,4.336
"WAE","Harlan.res",420,682,24.928
"WAE","Harlan.res",420,704,0.08
"WAE","Harlan.res",421,581,4.607
"WAE","Harlan.res",422,609,0.115
"WAE","Harlan.res",423,675,0.955
"WAE","Harlan.res",425,601,0.051
"WAE","Harlan.res",430,646,8.761
"WAE","Harlan.res",437,696,16.634
"WAE","Harlan.res",437,712,0.032
"WAE","Harlan.res",438,621,0.067
"WAE","Harlan.res",440,692,4.55
"WAE","Harlan.res",440,704,0.418
"WAE","Harlan.res",440,707,3.264
"WAE","Harlan.res",440,774,5.025
"WAE","Harlan.res",443,780,0.589
"WAE","Harlan.res",446,778,3.718
"WAE","Harlan.res",447,741,6.279
"WAE","Harlan.res",451,802,15.044
"WAE","Harlan.res",452,774,3.356
"WAE","Harlan.res",453,844,3.351
"WAE","Harlan.res",460,848,26.011
"WAE","Harlan.res",461,870,0.958
"WAE","Harlan.res",468,913,13.159
"WAE","Harlan.res",469,983,1.804
"WAE","Harlan.res",472,776,0.039
"WAE","Harlan.res",472,966,0.16
"WAE","Harlan.res",475,919,0.242
"WAE","Harlan.res",476,1001,24.749
"WAE","Harlan.res",480,844,0.584
"WAE","Harlan.res",480,1065,1.045
"WAE","Harlan.res",482,1002,5.77
"WAE","Harlan.res",483,947,0.033
"WAE","Harlan.res",486,984,0.007
"WAE","Harlan.res",486,994,0.436
"WAE","Harlan.res",490,1071,12.154
"WAE","Harlan.res",495,958,0.034
"WAE","Harlan.res",500,1127,0.97
"WAE","Harlan.res",510,1208,0.126
"WAE","Harlan.res",511,1176,0.557
"WAE","Harlan.res",515,1030,0
"WAE","Harlan.res",520,1308,0.187
"WAE","Harlan.res",521,1255,18.945
"WAE","Harlan.res",524,1334,0.054
"WAE","Harlan.res",527,1364,0.202
"WAE","Harlan.res",540,1142,0.275
"WAE","Harlan.res",551,1461,4.398
"WAE","Harlan.res",571,1510,0.083
"WAE","Harlan.res",574,1710,0.802
"WAE","Harlan.res",576,1799,0.065
"WAE","Harlan.res",577,1774,0.046
"WAE","Harlan.res",583,1838,3.907
"WAE","Harlan.res",636,2725,0.263
"WAE","Harlan.res",640,2390,6.629
"WAE","Harlan.res",660,3158,1.173
"WAE","Harlan.res",665,2544,8.571
"WAE","Harlan.res",665,2949,0.055
"WAE","Harlan.res",668,2903,0.002
"WAE","Harlan.res",685,2682,0.193
"WAE","Harlan.res",687,2750,0.311
"WAE","Harlan.res",726,3663,2.364
"WAE","Harlan.res",962,906,0
"WAE","Kansas",221,86,1.345
"WAE","Kansas",241,109,0.1
"WAE","Kansas",261,131,0
"WAE","Kansas",275,167,0
"WAE","Kansas",282,169,0
"WAE","Kansas",282,171,0
"WAE","Kansas",286,171,1.303
"WAE","Kansas",297,240,0
"WAE","Kansas",306,212,0
"WAE","Kansas",310,240,1.3
"WAE","Kansas",315,287,0
"WAE","Kansas",315,330,3.656
"WAE","Kansas",320,256,0
"WAE","Kansas",335,344,0
"WAE","Kansas",339,375,7.742
"WAE","Kansas",340,414,4.49
"WAE","Kansas",341,442,0
"WAE","Kansas",342,430,9.99
"WAE","Kansas",350,431,6.818
"WAE","Kansas",350,485,5.62
"WAE","Kansas",352,477,6.744
"WAE","Kansas",353,425,0
"WAE","Kansas",355,378,4.22
"WAE","Kansas",356,458,0
"WAE","Kansas",361,485,18.841
"WAE","Kansas",361,510,1.185
"WAE","Kansas",364,478,1.15
"WAE","Kansas",365,516,5.927
"WAE","Kansas",366,534,9.822
"WAE","Kansas",367,472,3.404
"WAE","Kansas",369,440,0
"WAE","Kansas",369,513,9.829
"WAE","Kansas",369,548,0.65
"WAE","Kansas",371,511,12.211
"WAE","Kansas",371,528,8.509
"WAE","Kansas",371,557,2
"WAE","Kansas",371,571,0
"WAE","Kansas",371,581,0
"WAE","Kansas",372,536,0
"WAE","Kansas",374,544,10.734
"WAE","Kansas",375,540,15.249
"WAE","Kansas",376,487,0
"WAE","Kansas",376,512,0
"WAE","Kansas",376,552,12.741
"WAE","Kansas",376,646,0
"WAE","Kansas",379,499,1.3
"WAE","Kansas",380,386,0
"WAE","Kansas",380,507,0
"WAE","Kansas",380,531,0
"WAE","Kansas",380,586,0
"WAE","Kansas",380,608,0.3
"WAE","Kansas",380,621,0
"WAE","Kansas",380,644,0.792
"WAE","Kansas",381,565,0
"WAE","Kansas",381,575,6.282
"WAE","Kansas",381,635,0
"WAE","Kansas",382,540,6.864
"WAE","Kansas",382,579,0
"WAE","Kansas",383,593,3.35
"WAE","Kansas",383,617,13.72
"WAE","Kansas",384,524,0
"WAE","Kansas",385,508,0
"WAE","Kansas",385,546,0
"WAE","Kansas",385,589,0
"WAE","Kansas",385,590,0
"WAE","Kansas",385,660,0
"WAE","Kansas",385,690,0
"WAE","Kansas",386,588,0
"WAE","Kansas",389,641,0
"WAE","Kansas",390,614,0.35
"WAE","Kansas",390,623,0
"WAE","Kansas",390,624,0
"WAE","Kansas",390,695,2.354
"WAE","Kansas",392,580,0
"WAE","Kansas",393,596,0
"WAE","Kansas",393,656,1.797
"WAE","Kansas",394,626,0
"WAE","Kansas",394,643,0.434
"WAE","Kansas",395,634,0
"WAE","Kansas",395,636,8.887
"WAE","Kansas",395,698,0.22
"WAE","Kansas",395,711,0.434
"WAE","Kansas",397,615,2.44
"WAE","Kansas",398,571,4.444
"WAE","Kansas",398,659,0
"WAE","Kansas",399,665,20.954
"WAE","Kansas",400,621,0.22
"WAE","Kansas",400,695,0
"WAE","Kansas",400,781,4.89
"WAE","Kansas",402,706,0
"WAE","Kansas",402,768,3.87
"WAE","Kansas",403,595,0
"WAE","Kansas",403,744,16.736
"WAE","Kansas",404,594,0
"WAE","Kansas",404,654,0
"WAE","Kansas",404,722,3.083
"WAE","Kansas",405,768,24.94
"WAE","Kansas",405,797,20.256
"WAE","Kansas",406,605,0
"WAE","Kansas",406,714,0
"WAE","Kansas",406,716,0
"WAE","Kansas",406,816,28.914
"WAE","Kansas",407,611,0
"WAE","Kansas",408,682,8.734
"WAE","Kansas",408,805,0
"WAE","Kansas",409,705,9.906
"WAE","Kansas",410,708,0
"WAE","Kansas",410,746,9.306
"WAE","Kansas",411,647,0
"WAE","Kansas",412,629,0
"WAE","Kansas",412,738,3.789
"WAE","Kansas",413,831,19.66
"WAE","Kansas",414,738,0.763
"WAE","Kansas",415,841,6.682
"WAE","Kansas",415,855,0.3
"WAE","Kansas",417,611,0
"WAE","Kansas",418,622,0
"WAE","Kansas",418,807,0
"WAE","Kansas",418,843,0
"WAE","Kansas",419,680,1.567
"WAE","Kansas",424,679,0
"WAE","Kansas",424,814,6.742
"WAE","Kansas",424,930,0
"WAE","Kansas",424,953,7.639
"WAE","Kansas",425,748,0
"WAE","Kansas",427,930,11.04
"WAE","Kansas",428,902,13.318
"WAE","Kansas",429,711,12.915
"WAE","Kansas",429,746,0
"WAE","Kansas",429,875,0.908
"WAE","Kansas",430,800,13.66
"WAE","Kansas",430,836,3.093
"WAE","Kansas",430,851,7.79
"WAE","Kansas",430,938,1.97
"WAE","Kansas",431,767,0
"WAE","Kansas",432,779,0
"WAE","Kansas",432,782,3
"WAE","Kansas",432,894,0
"WAE","Kansas",434,826,4.27
"WAE","Kansas",434,914,0.559
"WAE","Kansas",434,963,5.423
"WAE","Kansas",437,850,0
"WAE","Kansas",437,858,7.274
"WAE","Kansas",437,920,0
"WAE","Kansas",439,964,0
"WAE","Kansas",439,1164,15.395
"WAE","Kansas",440,910,0
"WAE","Kansas",440,1003,0
"WAE","Kansas",441,1032,0
"WAE","Kansas",442,842,0.307
"WAE","Kansas",442,904,6.948
"WAE","Kansas",443,825,0
"WAE","Kansas",443,1150,0
"WAE","Kansas",444,922,7.158
"WAE","Kansas",445,889,3.21
"WAE","Kansas",445,934,0
"WAE","Kansas",445,951,0
"WAE","Kansas",445,992,33.125
"WAE","Kansas",445,1094,0
"WAE","Kansas",445,1131,7.423
"WAE","Kansas",446,1115,4.73
"WAE","Kansas",448,956,0
"WAE","Kansas",448,968,0
"WAE","Kansas",448,968,1.096
"WAE","Kansas",449,923,4
"WAE","Kansas",449,939,4.183
"WAE","Kansas",450,885,9.016
"WAE","Kansas",450,1037,5.509
"WAE","Kansas",452,981,0
"WAE","Kansas",452,1014,0
"WAE","Kansas",453,958,0
"WAE","Kansas",454,1033,0
"WAE","Kansas",454,1075,0
"WAE","Kansas",454,1142,0
"WAE","Kansas",456,1041,0
"WAE","Kansas",458,1087,0
"WAE","Kansas",458,1226,0
"WAE","Kansas",459,1064,0
"WAE","Kansas",459,1087,14.882
"WAE","Kansas",459,1155,1.17
"WAE","Kansas",460,968,2.76
"WAE","Kansas",460,1014,1.058
"WAE","Kansas",460,1096,3.982
"WAE","Kansas",460,1109,4.2
"WAE","Kansas",461,1120,0
"WAE","Kansas",461,1123,0.167
"WAE","Kansas",462,1042,0
"WAE","Kansas",462,1126,23.304
"WAE","Kansas",464,965,1.571
"WAE","Kansas",464,1188,0
"WAE","Kansas",464,1337,0
"WAE","Kansas",465,1139,17.166
"WAE","Kansas",465,1174,0
"WAE","Kansas",466,1060,0
"WAE","Kansas",467,1155,0
"WAE","Kansas",468,904,0
"WAE","Kansas",469,1145,6.832
"WAE","Kansas",469,1166,4.96
"WAE","Kansas",469,1190,0
"WAE","Kansas",470,1150,24.242
"WAE","Kansas",470,1198,16.153
"WAE","Kansas",473,1368,7.22
"WAE","Kansas",474,1247,24.416
"WAE","Kansas",475,1165,0
"WAE","Kansas",476,1374,39.13
"WAE","Kansas",479,1239,16.75
"WAE","Kansas",479,1703,24.131
"WAE","Kansas",480,1197,6.679
"WAE","Kansas",480,1423,0.931
"WAE","Kansas",480,1424,31.139
"WAE","Kansas",482,1173,3.46
"WAE","Kansas",483,1153,5.593
"WAE","Kansas",483,1654,28.34
"WAE","Kansas",486,1448,6.993
"WAE","Kansas",487,1253,20.39
"WAE","Kansas",488,1085,0
"WAE","Kansas",489,1779,2.415
"WAE","Kansas",490,1227,24.614
"WAE","Kansas",491,1469,0
"WAE","Kansas",494,1500,3.419
"WAE","Kansas",495,1298,9.149
"WAE","Kansas",495,1462,0
"WAE","Kansas",496,1444,0
"WAE","Kansas",497,1058,0
"WAE","Kansas",497,1273,19.129
"WAE","Kansas",497,1590,37.671
"WAE","Kansas",501,1483,0
"WAE","Kansas",502,1525,15.879
"WAE","Kansas",504,1490,0
"WAE","Kansas",505,1547,35.97
"WAE","Kansas",505,1574,0
"WAE","Kansas",507,1726,15.779
"WAE","Kansas",508,1681,45.98
"WAE","Kansas",512,1475,47.558
"WAE","Kansas",515,1708,50.942
"WAE","Kansas",520,1563,28.9
"WAE","Kansas",520,1786,17.368
"WAE","Kansas",520,1801,0
"WAE","Kansas",521,1523,45.46
"WAE","Kansas",521,1673,0
"WAE","Kansas",525,1522,0
"WAE","Kansas",534,1977,2.273
"WAE","Kansas",538,1936,24.202
"WAE","Kansas",541,1797,25.239
"WAE","Kansas",546,1707,4.116
"WAE","Kansas",555,2035,44.625
"WAE","Kansas",565,2260,0.2
"WAE","Kansas",570,2414,0
"WAE","Kansas",573,1951,4.9
"WAE","Kansas",576,2557,48.363
"WAE","Kansas",580,2472,67.47
"WAE","Kansas",582,2184,11.916
"WAE","Kansas",585,1670,40.65
"WAE","Kansas",592,1993,50.446
"WAE","Kansas",592,2103,25.776
"WAE","Kansas",594,2425,16.697
"WAE","Kansas",596,2566,48.12
"WAE","Kansas",597,2631,6.01
"WAE","Kansas",600,3580,4.3
"WAE","Kansas",602,2814,0
"WAE","Kansas",605,2100,17.46
"WAE","Kansas",618,2902,0
"WAE","Kansas",621,3034,60.94
"WAE","Kansas",623,2642,15.482
"WAE","Kansas",625,2636,53.095
"WAE","Kansas",630,2703,34.054
"WAE","Kansas",631,2696,48.543
"WAE","Kansas",635,2510,24.61
"WAE","Kansas",641,2939,14.873
"WAE","Kansas",642,2640,0
"WAE","Kansas",642,3212,0
"WAE","Kansas",648,3539,91.396
"WAE","Kansas",650,3320,121.587
"WAE","Kansas",652,3568,122.72
"WAE","Kansas",654,3068,12.798
"WAE","Kansas",659,3313,39.142
"WAE","Kansas",661,4061,0
"WAE","Kansas",663,3340,80.937
"WAE","Kansas",680,3488,14.58
"WAE","Kansas",680,4068,27.828
"WAE","Kansas",681,3862,0
"WAE","Kansas",689,3998,51.287
"WAE","Kansas",707,3980,110.801
"WAE","MO.river",178,50,0.09
"WAE","MO.river",236,150,2.785
"WAE","MO.river",284,200,2.594
"WAE","MO.river",294,250,2.525
"WAE","MO.river",297,213,1.564
"WAE","MO.river",300,250,2.224
"WAE","MO.river",301,200,0.556
"WAE","MO.river",312,250,9.326
"WAE","MO.river",320,272,1.048
"WAE","MO.river",326,350,2.4
"WAE","MO.river",328,328,4.225
"WAE","MO.river",328,350,14.175
"WAE","MO.river",329,350,0.067
"WAE","MO.river",330,278,0.918
"WAE","MO.river",333,306,1.563
"WAE","MO.river",336,325,4.313
"WAE","MO.river",336,342,3.875
"WAE","MO.river",340,350,2.777
"WAE","MO.river",341,333,3.058
"WAE","MO.river",344,325,0.449
"WAE","MO.river",345,340,0.72
"WAE","MO.river",345,354,1.094
"WAE","MO.river",345,360,0.195
"WAE","MO.river",350,400,0.283
"WAE","MO.river",354,400,1.036
"WAE","MO.river",363,400,0.561
"WAE","MO.river",364,410,8.701
"WAE","MO.river",365,418,3.608
"WAE","MO.river",365,425,1.779
"WAE","MO.river",365,450,0.28
"WAE","MO.river",365,500,1.653
"WAE","MO.river",367,470,1.843
"WAE","MO.river",368,417,9.459
"WAE","MO.river",370,400,0.884
"WAE","MO.river",371,445,3.865
"WAE","MO.river",371,500,0.142
"WAE","MO.river",376,490,6.551
"WAE","MO.river",376,513,1.629
"WAE","MO.river",380,450,3.471
"WAE","MO.river",380,470,8.673
"WAE","MO.river",381,494,3.543
"WAE","MO.river",382,550,5.119
"WAE","MO.river",383,600,2.028
"WAE","MO.river",385,490,0.306
"WAE","MO.river",388,470,3.702
"WAE","MO.river",388,480,0.02
"WAE","MO.river",388,520,0.375
"WAE","MO.river",390,525,0.915
"WAE","MO.river",390,552,11.921
"WAE","MO.river",394,540,1.044
"WAE","MO.river",395,490,3.177
"WAE","MO.river",397,530,0.169
"WAE","MO.river",397,575,0.128
"WAE","MO.river",405,609,0.616
"WAE","MO.river",405,610,2.075
"WAE","MO.river",409,600,0.094
"WAE","MO.river",409,600,1.002
"WAE","MO.river",410,600,4.126
"WAE","MO.river",411,549,0.309
"WAE","MO.river",411,576,0.03
"WAE","MO.river",412,600,17.101
"WAE","MO.river",415,700,12.163
"WAE","MO.river",417,670,1.554
"WAE","MO.river",418,739,0.642
"WAE","MO.river",420,650,0.007
"WAE","MO.river",420,700,5.391
"WAE","MO.river",422,757,2.514
"WAE","MO.river",424,708,5.617
"WAE","MO.river",424,735,12.593
"WAE","MO.river",424,739,10.408
"WAE","MO.river",425,700,1.488
"WAE","MO.river",427,653,3.101
"WAE","MO.river",429,671,0.552
"WAE","MO.river",429,726,10.956
"WAE","MO.river",429,744,2.642
"WAE","MO.river",429,794,1.039
"WAE","MO.river",438,700,4.878
"WAE","MO.river",438,780,10.471
"WAE","MO.river",442,850,5.499
"WAE","MO.river",445,871,8.26
"WAE","MO.river",455,840,1.537
"WAE","MO.river",459,1000,0.06
"WAE","MO.river",467,850,10.25
"WAE","MO.river",468,950,1.833
"WAE","MO.river",469,1100,5.262
"WAE","MO.river",470,1100,0.849
"WAE","MO.river",471,1100,5.66
"WAE","MO.river",475,1102,0.979
"WAE","MO.river",490,1150,0.027
"WAE","MO.river",500,1300,0.166
"WAE","MO.river",510,1235,0.919
"WAE","MO.river",512,1400,1.689
"WAE","MO.river",526,1500,21.161
"WAE","MO.river",532,1392,52.851
"WAE","MO.river",545,1900,1.484
"WAE","MO.river",578,2450,83.14
"WAE","MO.river",602,2500,8.597
"WAE","MO.river",646,3000,7.223
"WAE","MO.river",725,4300,5.076
"WAE","Pelican",180,48.9,1.5693
"WAE","Pelican",187,52.6,1.3553
"WAE","Pelican",200,58.7,0.1475
"WAE","Pelican",201,57,0.3756
"WAE","Pelican",202,75.2,0.5392
"WAE","Pelican",221,96.5,1.959
"WAE","Pelican",225,96.1,0.0742
"WAE","Pelican",246,127.8,0.713
"WAE","Pelican",297,250.8,2.424
"WAE","Pelican",302,278.9,3.9678
"WAE","Pelican",304,276.9,9.5388
"WAE","Pelican",305,257.5,17.994
"WAE","Pelican",306,294.7,8.2115
"WAE","Pelican",307,276,1.1469
"WAE","Pelican",314,310.5,4.5353
"WAE","Pelican",318,286,0.3391
"WAE","Pelican",320,353.7,1.2965
"WAE","Pelican",323,346.7,5.8251
"WAE","Pelican",324,307.2,2.2757
"WAE","Pelican",333,375.9,0.4309
"WAE","Pelican",356,433.5,3.2973
"WAE","Pelican",364,490.1,0.109
"WAE","Pelican",419,735.8,0.93
"WAE","Pelican",421,697,19.614
"WAE","Pelican",422,751.4,8.0631
"WAE","Pelican",423,798.2,31.49
"WAE","Pelican",430,833,3.13
"WAE","Pelican",436,845,0.17
"WAE","Pelican",440,870,0.2106
"WAE","Pelican",447,814.4,5.5726
"WAE","Pelican",450,911,11.12
"WAE","Pelican",456,957,0.64
"WAE","Pelican",458,1058,1.2097
"WAE","Pelican",461,831.2,2.7367
"WAE","Pelican",465,911,9.169
"WAE","Pelican",465,997,21.318
"WAE","Pelican",465,1004.5,6.7773
"WAE","Pelican",470,996.8,0.1484
"WAE","Pelican",476,1018.5,0.07
"WAE","Pelican",477,949.2,3.2964
"WAE","Pelican",477,1100.7,0.0408
"WAE","Pelican",480,1096,22.813
"WAE","Pelican",485,1170,0.02
"WAE","Pelican",495,1267,0.001
"WAE","Pelican",496,1109,7.731
"WAE","Pelican",497,1175,0.6874
"WAE","Pelican",502,1190,1.89
"WAE","Pelican",502,1489.4,11.752
"WAE","Pelican",503,1110,0.001
"WAE","Pelican",508,1401,3.0346
"WAE","Pelican",514,1324,8.5632
"WAE","Pelican",517,1550,1.76
"WAE","Pelican",530,1183.8,2.7367
"WAE","Pelican",532,1418,0.58
"WAE","Pelican",541,1370.5,3.4845
"WAE","Pelican",577,2009.2,8.2637
"WAE","Pelican",587,2036.3,1.5291
"WAE","Pelican",588,2310,0.21
"WAE","Pelican",645,3280,80.505
"WAE","Pelican",659,3331.6,120.7394
"WAE","Pelican",675,3000,7.9468
"WAE","Pelican",696,3250,144.4892
"WAE","Twin",235,138.5,6.09
"WAE","Twin",255,171.8,1.69
"WAE","Twin",265,176,1.21
"WAE","Twin",308,269,0.11
"WAE","Twin",326,336,0.12
"WAE","Twin",330,331,0.52
"WAE","Twin",338,386,0.0652
"WAE","Twin",344,381,0.54
"WAE","Twin",349,437,0.05
"WAE","Twin",369,604,2.73
"WAE","Twin",420,740,1.03
"WAE","Twin",422,928,5.91
"WAE","Twin",442,1083.3,0.25
"WAE","Twin",448,845,0.22
"WAE","Twin",455,968,7.85
"WAE","Twin",467,1024,0.175
"WAE","Twin",477,1252.5,4.35
"WAE","Twin",480,1233,0.238
"WAE","Twin",528,1289,0.084
"WAE","Twin",557,1831,23.0565
"WAE","Twin",655,3300,148.867
"WAE","Twin",665,3422,7.19
"WAE","Twin",707,3900,130.4
